{"bomFormat": "CycloneDX", "specVersion": "1.4", "version": 1, "metadata": {"component": {"type": "library", "bom-ref": "pkg:pypi/simsimd@6.5.12?file_name=simsimd-6.5.12-cp312-cp312-manylinux2014_x86_64.manylinux_2_17_x86_64.manylinux_2_28_x86_64.whl", "name": "simsimd", "version": "6.5.12", "purl": "pkg:pypi/simsimd@6.5.12?file_name=simsimd-6.5.12-cp312-cp312-manylinux2014_x86_64.manylinux_2_17_x86_64.manylinux_2_28_x86_64.whl"}, "tools": [{"name": "auditwheel", "version": "6.5.0"}]}, "components": [{"type": "library", "bom-ref": "pkg:pypi/simsimd@6.5.12?file_name=simsimd-6.5.12-cp312-cp312-manylinux2014_x86_64.manylinux_2_17_x86_64.manylinux_2_28_x86_64.whl", "name": "simsimd", "version": "6.5.12", "purl": "pkg:pypi/simsimd@6.5.12?file_name=simsimd-6.5.12-cp312-cp312-manylinux2014_x86_64.manylinux_2_17_x86_64.manylinux_2_28_x86_64.whl"}, {"type": "library", "bom-ref": "pkg:rpm/almalinux/libgomp@8.5.0-28.el8_10.alma.1#c61017c9a24eb6e1e1a3cdc9becd004a6419cbda3d54b4848b98f240a4829571", "name": "libgomp", "version": "8.5.0-28.el8_10.alma.1", "purl": "pkg:rpm/almalinux/libgomp@8.5.0-28.el8_10.alma.1"}], "dependencies": [{"ref": "pkg:pypi/simsimd@6.5.12?file_name=simsimd-6.5.12-cp312-cp312-manylinux2014_x86_64.manylinux_2_17_x86_64.manylinux_2_28_x86_64.whl", "dependsOn": ["pkg:rpm/almalinux/libgomp@8.5.0-28.el8_10.alma.1#c61017c9a24eb6e1e1a3cdc9becd004a6419cbda3d54b4848b98f240a4829571"]}, {"ref": "pkg:rpm/almalinux/libgomp@8.5.0-28.el8_10.alma.1#c61017c9a24eb6e1e1a3cdc9becd004a6419cbda3d54b4848b98f240a4829571"}]}